Protein,Species,Genome,UniquePeptides,TotalPSMs,Cp1,Cp2,Lf1,Lf2,Mt1,Mt2,Cp1_noPF,Cp2_noPF,Lf1_noPF,Lf2_noPF,Mt1_noPF,Mt2_noPF,cp,leaf,mito,cp_noPF,leaf_noPF,mito_noPF,cp_leaf_ratio,mito_leaf_ratio,cp_leaf_ratio_noPF,mito_leaf_ratio_noPF
ATCG00020.1,Arabidopsis,Plastid,14,270,1.70E+11,2.95E+11,1.18E+11,1.11E+11,1.35E+10,1.16E+10,1.70E+11,2.95E+11,1.15E+11,1.05E+11,1.27E+10,1.14E+10,4.66E+11,2.29E+11,2.50E+10,4.66E+11,2.20E+11,2.40E+10,2.03,0.11,2.11,0.11
ATCG00120.1,Arabidopsis,Plastid,40,620,5.37E+11,8.30E+11,2.88E+11,3.88E+11,6.01E+10,5.29E+10,5.13E+11,7.90E+11,2.88E+11,3.67E+11,5.49E+10,5.21E+10,1.37E+12,6.76E+11,1.13E+11,1.30E+12,6.55E+11,1.07E+11,2.02,0.17,1.99,0.16
ATCG00130.2 atpf,Arabidopsis,Plastid,21,130,4.47E+10,8.65E+10,3.00E+10,2.80E+10,5.19E+09,5.67E+09,4.46E+10,8.65E+10,2.43E+10,2.09E+10,3.93E+09,4.97E+09,1.31E+11,5.81E+10,1.09E+10,1.31E+11,4.52E+10,8.91E+09,2.26,0.19,2.90,0.20
ATCG00140.1,Arabidopsis,Plastid,4,34,1.43E+08,4.04E+08,1.59E+08,1.36E+08,4.07E+07,0.00E+00,1.43E+08,4.04E+08,1.48E+08,8.57E+07,4.07E+07,0.00E+00,5.47E+08,2.95E+08,4.07E+07,5.47E+08,2.34E+08,4.07E+07,1.85,0.14,2.34,0.17
ATCG00150.1,Arabidopsis,Plastid,4,16,2.82E+09,2.06E+09,2.60E+09,3.15E+09,3.12E+08,2.68E+08,2.79E+09,2.05E+09,2.60E+09,3.12E+09,0.00E+00,0.00E+00,4.88E+09,5.75E+09,5.80E+08,4.85E+09,5.72E+09,0.00E+00,0.85,0.10,0.85,0.00
ATCG00160.1,Arabidopsis,Plastid,14,36,6.40E+09,1.90E+09,4.05E+09,3.42E+09,8.18E+08,6.79E+08,4.83E+09,1.23E+09,1.76E+09,2.25E+09,3.21E+08,1.76E+08,8.29E+09,7.46E+09,1.50E+09,6.06E+09,4.01E+09,4.98E+08,1.11,0.20,1.51,0.12
ATCG00170.1,Arabidopsis,Plastid,15,21,6.37E+08,3.04E+08,6.27E+08,1.01E+09,6.84E+08,7.53E+08,6.37E+08,1.28E+08,1.31E+07,0.00E+00,0.00E+00,0.00E+00,9.41E+08,1.64E+09,1.44E+09,7.65E+08,1.31E+07,0.00E+00,0.57,0.88,58.20,0.00
ATCG00180.2,Arabidopsis,Plastid,3,5,7.14E+07,2.35E+07,1.63E+07,6.95E+06,0.00E+00,0.00E+00,7.14E+07,2.35E+07,0.00E+00,0.00E+00,0.00E+00,0.00E+00,9.49E+07,2.32E+07,0.00E+00,9.49E+07,0.00E+00,0.00E+00,4.09,0.00,#DIV/0!,#DIV/0!
ATCG00190.2 RPOB,Arabidopsis,Plastid,20,31,7.61E+08,6.20E+08,1.57E+08,1.65E+08,6.93E+07,1.68E+08,5.13E+08,5.31E+08,2.94E+07,0.00E+00,0.00E+00,0.00E+00,1.38E+09,3.22E+08,2.37E+08,1.04E+09,2.94E+07,0.00E+00,4.29,0.74,35.52,0.00
ATCG00270.1,Arabidopsis,Plastid,13,167,2.11E+11,3.73E+11,1.41E+11,1.40E+11,1.58E+10,1.37E+10,2.07E+11,3.72E+11,1.41E+11,1.39E+11,1.45E+10,1.36E+10,5.84E+11,2.81E+11,2.96E+10,5.80E+11,2.80E+11,2.81E+10,2.08,0.11,2.07,0.10
ATCG00280.1,Arabidopsis,Plastid,29,430,3.67E+11,5.30E+11,2.41E+11,2.34E+11,2.50E+10,2.36E+10,3.67E+11,5.27E+11,2.15E+11,2.34E+11,2.22E+10,2.30E+10,8.98E+11,4.75E+11,4.86E+10,8.95E+11,4.49E+11,4.52E+10,1.89,0.10,1.99,0.10
ATCG00330.2 RPS14,Arabidopsis,Plastid,2,8,2.51E+09,5.32E+08,8.19E+08,6.61E+08,1.01E+08,5.97E+08,2.51E+09,3.64E+08,8.19E+08,2.34E+08,9.35E+07,0.00E+00,3.05E+09,1.48E+09,6.98E+08,2.88E+09,1.05E+09,9.35E+07,2.06,0.47,2.73,0.09
ATCG00340.1,Arabidopsis,Plastid,22,448,1.93E+11,2.77E+11,9.08E+10,8.01E+10,1.17E+10,8.78E+09,1.93E+11,2.77E+11,9.07E+10,8.00E+10,1.15E+10,8.31E+09,4.70E+11,1.71E+11,2.04E+10,4.70E+11,1.71E+11,1.98E+10,2.75,0.12,2.75,0.12
ATCG00350.1,Arabidopsis,Plastid,25,188,2.23E+11,3.08E+11,1.48E+11,1.27E+11,1.30E+10,1.33E+10,2.23E+11,2.87E+11,1.48E+11,1.11E+11,8.99E+09,1.16E+10,5.31E+11,2.75E+11,2.62E+10,5.09E+11,2.59E+11,2.06E+10,1.93,0.10,1.97,0.08
ATCG00360.1,Arabidopsis,Plastid,2,5,2.85E+08,1.42E+08,1.48E+08,2.09E+08,3.87E+07,2.13E+07,1.26E+08,5.21E+07,6.34E+07,2.09E+08,0.00E+00,0.00E+00,4.27E+08,3.57E+08,6.00E+07,1.78E+08,2.72E+08,0.00E+00,1.19,0.17,0.65,0.00
ATCG00380.1,Arabidopsis,Plastid,9,37,5.69E+09,1.07E+09,4.39E+09,3.49E+09,7.22E+08,5.08E+08,4.65E+09,1.03E+09,3.70E+09,3.09E+09,3.20E+08,2.49E+08,6.76E+09,7.88E+09,1.23E+09,5.68E+09,6.79E+09,5.69E+08,0.86,0.16,0.84,0.08
ATCG00420.1,Arabidopsis,Plastid,8,20,9.24E+08,1.04E+09,5.19E+08,7.01E+08,2.88E+07,1.10E+07,7.43E+08,1.02E+09,1.87E+08,5.24E+08,0.00E+00,0.00E+00,1.96E+09,1.22E+09,3.97E+07,1.76E+09,7.11E+08,0.00E+00,1.61,0.03,2.48,0.00
ATCG00430.1,Arabidopsis,Plastid,12,32,2.21E+09,2.94E+09,1.14E+09,1.41E+09,1.99E+08,1.01E+08,1.80E+09,2.23E+09,7.99E+08,1.21E+09,1.06E+08,0.00E+00,5.15E+09,2.56E+09,3.01E+08,4.03E+09,2.01E+09,1.06E+08,2.01,0.12,2.01,0.05
ATCG00470.1,Arabidopsis,Plastid,12,62,1.79E+10,4.20E+10,9.95E+09,9.75E+09,9.28E+08,5.99E+08,1.79E+10,4.20E+10,6.88E+09,9.45E+09,3.64E+08,3.60E+08,5.98E+10,1.97E+10,1.53E+09,5.98E+10,1.63E+10,7.24E+08,3.04,0.08,3.66,0.04
ATCG00480.1,Arabidopsis,Plastid,61,973,5.68E+11,8.75E+11,2.81E+11,3.83E+11,4.46E+10,4.03E+10,5.64E+11,8.75E+11,2.77E+11,3.79E+11,3.89E+10,2.96E+10,1.44E+12,6.64E+11,8.50E+10,1.44E+12,6.56E+11,6.85E+10,2.17,0.13,2.19,0.10
ATCG00490.1,Arabidopsis,Plastid,59,1287,1.96E+12,3.23E+11,1.83E+12,1.62E+12,8.02E+10,7.27E+10,1.96E+12,3.22E+11,1.83E+12,1.54E+12,7.77E+10,6.41E+10,2.28E+12,3.45E+12,1.53E+11,2.28E+12,3.37E+12,1.42E+11,0.66,0.04,0.68,0.04
ATCG00500.2 ACCD,Arabidopsis,Plastid,21,52,2.96E+09,8.50E+08,1.77E+09,1.37E+09,3.76E+08,1.60E+08,2.82E+09,5.76E+08,1.34E+09,5.81E+08,8.92E+07,0.00E+00,3.81E+09,3.13E+09,5.36E+08,3.39E+09,1.92E+09,8.92E+07,1.22,0.17,1.77,0.05
ATCG00520.1,Arabidopsis,Plastid,7,12,1.30E+09,1.47E+09,4.48E+08,4.06E+08,1.86E+08,2.45E+08,9.76E+08,1.47E+09,0.00E+00,1.74E+08,0.00E+00,0.00E+00,2.77E+09,8.54E+08,4.31E+08,2.45E+09,1.74E+08,0.00E+00,3.24,0.50,14.03,0.00
ATCG00540.1,Arabidopsis,Plastid,23,188,1.15E+11,1.55E+11,5.71E+10,6.87E+10,1.26E+10,1.04E+10,1.15E+11,1.54E+11,5.08E+10,6.01E+10,4.83E+09,4.08E+09,2.70E+11,1.26E+11,2.30E+10,2.69E+11,1.11E+11,8.91E+09,2.14,0.18,2.43,0.08
ATCG00550.1,Arabidopsis,Plastid,1,2,3.51E+08,5.18E+08,2.44E+08,3.76E+08,0.00E+00,0.00E+00,3.51E+08,5.18E+08,0.00E+00,0.00E+00,0.00E+00,0.00E+00,8.69E+08,6.20E+08,0.00E+00,8.69E+08,0.00E+00,0.00E+00,1.40,0.00,#DIV/0!,#DIV/0!
ATCG00560.1,Arabidopsis,Plastid,2,12,2.80E+08,7.11E+08,2.18E+08,2.83E+08,4.09E+07,2.54E+07,2.80E+08,7.11E+08,2.18E+08,2.83E+08,3.45E+07,0.00E+00,9.90E+08,5.01E+08,6.62E+07,9.90E+08,5.01E+08,3.45E+07,1.98,0.13,1.98,0.07
ATCG00570.2 PSBF,Arabidopsis,Plastid,2,10,7.40E+09,6.31E+09,5.07E+09,5.49E+09,3.15E+09,2.71E+09,7.35E+09,6.07E+09,5.07E+09,5.49E+09,3.15E+09,1.08E+09,1.37E+10,1.06E+10,5.86E+09,1.34E+10,1.06E+10,4.23E+09,1.30,0.56,1.27,0.40
ATCG00580.2 PSBE,Arabidopsis,Plastid,4,84,1.13E+11,1.96E+11,5.01E+10,5.10E+10,6.76E+09,6.97E+09,1.13E+11,1.96E+11,5.01E+10,5.10E+10,6.76E+09,6.88E+09,3.10E+11,1.01E+11,1.37E+10,3.10E+11,1.01E+11,1.36E+10,3.06,0.14,3.07,0.13
ATCG00640.1,Arabidopsis,Plastid,4,6,2.94E+07,5.36E+07,9.52E+06,7.42E+06,3.23E+08,9.38E+07,0.00E+00,5.36E+07,0.00E+00,0.00E+00,3.23E+08,7.58E+07,8.29E+07,1.69E+07,4.16E+08,5.36E+07,0.00E+00,3.98E+08,4.90,24.59,#DIV/0!,#DIV/0!
ATCG00650.1,Arabidopsis,Plastid,6,27,3.35E+09,8.69E+08,2.16E+09,1.99E+09,4.11E+08,5.19E+08,3.35E+09,4.10E+08,1.64E+09,1.99E+09,1.78E+08,2.26E+08,4.22E+09,4.16E+09,9.31E+08,3.76E+09,3.63E+09,4.05E+08,1.01,0.22,1.03,0.11
ATCG00660.1,Arabidopsis,Plastid,6,11,3.21E+09,2.12E+09,9.77E+08,5.19E+09,1.00E+08,6.46E+07,2.66E+09,1.97E+09,7.58E+08,1.79E+08,0.00E+00,0.00E+00,5.33E+09,6.17E+09,1.65E+08,4.64E+09,9.37E+08,0.00E+00,0.86,0.03,4.95,0.00
ATCG00670.2 CLPP1,Arabidopsis,Plastid,5,19,1.26E+09,6.73E+07,1.11E+09,1.14E+09,2.13E+08,2.37E+08,1.18E+09,1.67E+07,1.02E+09,1.06E+09,2.55E+07,0.00E+00,1.32E+09,2.25E+09,4.50E+08,1.19E+09,2.08E+09,2.55E+07,0.59,0.20,0.58,0.01
ATCG00680.1,Arabidopsis,Plastid,32,737,3.67E+11,6.03E+11,2.03E+11,1.98E+11,3.11E+10,3.28E+10,3.61E+11,5.98E+11,1.85E+11,1.84E+11,2.80E+10,2.96E+10,9.69E+11,4.02E+11,6.40E+10,9.60E+11,3.69E+11,5.76E+10,2.41,0.16,2.60,0.16
ATCG00700.1,Arabidopsis,Plastid,1,5,3.87E+08,9.55E+08,1.88E+08,2.17E+08,4.11E+07,7.83E+07,3.87E+08,9.55E+08,1.88E+08,0.00E+00,4.11E+07,7.83E+07,1.34E+09,4.05E+08,1.19E+08,1.34E+09,1.88E+08,1.19E+08,3.31,0.29,7.14,0.63
ATCG00710.1,Arabidopsis,Plastid,3,15,4.05E+09,8.58E+09,2.88E+09,4.44E+09,4.96E+09,2.78E+09,1.19E+08,8.58E+09,2.83E+09,4.39E+09,4.93E+09,2.70E+09,1.26E+10,7.32E+09,7.74E+09,8.70E+09,7.22E+09,7.63E+09,1.72,1.06,1.21,1.06
ATCG00720.1,Arabidopsis,Plastid,6,35,1.87E+10,1.43E+10,1.21E+10,1.71E+10,3.16E+09,4.41E+09,1.87E+10,1.43E+10,6.80E+09,1.71E+10,3.16E+09,4.32E+09,3.31E+10,2.93E+10,7.57E+09,3.30E+10,2.39E+10,7.48E+09,1.13,0.26,1.38,0.31
ATCG00730.1,Arabidopsis,Plastid,6,58,1.00E+10,1.37E+10,1.16E+10,1.24E+10,1.11E+09,5.45E+08,1.00E+10,1.37E+10,1.16E+10,1.24E+10,7.21E+08,3.88E+08,2.37E+10,2.41E+10,1.65E+09,2.37E+10,2.40E+10,1.11E+09,0.98,0.07,0.98,0.05
ATCG00740.2 RPOA,Arabidopsis,Plastid,6,11,5.39E+08,4.10E+08,2.45E+08,1.85E+08,6.55E+07,1.92E+07,2.99E+08,8.82E+07,1.40E+08,3.27E+07,0.00E+00,0.00E+00,9.49E+08,4.30E+08,8.47E+07,3.87E+08,1.73E+08,0.00E+00,2.21,0.20,2.24,0.00
ATCG00750.1,Arabidopsis,Plastid,7,22,2.48E+09,6.27E+08,1.42E+09,1.25E+09,3.51E+08,2.36E+08,1.36E+09,6.19E+08,7.59E+08,1.06E+09,3.40E+08,4.53E+07,3.11E+09,2.67E+09,5.87E+08,1.98E+09,1.82E+09,3.85E+08,1.16,0.22,1.09,0.21
ATCG00770.1,Arabidopsis,Plastid,9,28,4.36E+09,1.20E+09,3.57E+09,2.93E+09,7.89E+08,4.00E+08,4.15E+09,7.92E+08,3.57E+09,1.45E+09,3.56E+08,2.06E+08,5.57E+09,6.50E+09,1.19E+09,4.94E+09,5.02E+09,5.62E+08,0.86,0.18,0.98,0.11
ATCG00780.1,Arabidopsis,Plastid,14,58,5.15E+09,1.49E+09,4.52E+09,3.55E+09,2.21E+09,1.88E+09,5.15E+09,9.72E+08,3.87E+09,2.30E+09,1.85E+09,1.21E+09,6.64E+09,8.06E+09,4.09E+09,6.12E+09,6.16E+09,3.06E+09,0.82,0.51,0.99,0.50
ATCG00790.1,Arabidopsis,Plastid,4,19,2.09E+09,1.14E+09,1.64E+09,1.40E+09,7.55E+08,1.25E+09,2.09E+09,6.31E+08,9.68E+08,7.04E+08,7.37E+08,0.00E+00,3.22E+09,3.03E+09,2.00E+09,2.72E+09,1.67E+09,7.37E+08,1.06,0.66,1.63,0.44
ATCG00800.1,Arabidopsis,Plastid,22,84,7.11E+09,1.66E+09,5.85E+09,5.34E+09,3.03E+09,2.44E+09,6.60E+09,1.19E+09,5.00E+09,3.86E+09,1.83E+09,1.27E+09,8.77E+09,1.12E+10,5.47E+09,7.79E+09,8.86E+09,3.10E+09,0.78,0.49,0.88,0.35
ATCG00810.1,Arabidopsis,Plastid,8,19,4.13E+09,1.39E+09,2.64E+09,2.12E+09,4.84E+08,5.10E+08,3.01E+09,5.85E+08,2.55E+09,1.18E+09,2.15E+07,1.11E+08,5.52E+09,4.76E+09,9.95E+08,3.60E+09,3.73E+09,1.33E+08,1.16,0.21,0.96,0.04
ATCG00820.1,Arabidopsis,Plastid,5,13,2.87E+09,5.17E+08,1.36E+09,1.34E+09,5.62E+08,5.78E+08,2.87E+09,3.97E+08,1.17E+09,9.55E+08,0.00E+00,0.00E+00,3.38E+09,2.70E+09,1.14E+09,3.26E+09,2.13E+09,0.00E+00,1.25,0.42,1.53,0.00
ATCG00830.1,Arabidopsis,Plastid,13,66,5.89E+09,2.34E+09,3.20E+09,3.19E+09,9.64E+08,8.80E+08,4.47E+09,2.33E+09,2.99E+09,3.18E+09,6.70E+08,2.00E+08,8.23E+09,6.39E+09,1.84E+09,6.81E+09,6.17E+09,8.71E+08,1.29,0.29,1.10,0.14
ATCG00840.2 RPL23,Arabidopsis,Plastid,6,25,1.67E+09,3.20E+08,7.42E+08,9.66E+08,1.36E+08,2.74E+08,1.63E+09,2.54E+08,6.50E+08,9.02E+08,1.36E+08,8.84E+07,1.99E+09,1.71E+09,4.10E+08,1.89E+09,1.55E+09,2.24E+08,1.17,0.24,1.22,0.14
ATCG00860.1,Arabidopsis,Plastid,10,10,2.15E+08,7.12E+07,4.26E+07,3.99E+07,1.15E+08,1.83E+08,1.86E+08,1.27E+07,0.00E+00,0.00E+00,0.00E+00,0.00E+00,2.86E+08,8.25E+07,2.98E+08,1.98E+08,0.00E+00,0.00E+00,3.47,3.62,#DIV/0!,#DIV/0!
ATCG00890.2 NDHB,Arabidopsis,Plastid,2,4,6.91E+07,1.70E+08,1.10E+08,1.29E+08,2.68E+06,0.00E+00,3.93E+07,8.59E+07,1.06E+08,1.29E+08,0.00E+00,0.00E+00,2.39E+08,2.39E+08,2.68E+06,1.25E+08,2.35E+08,0.00E+00,1.00,0.01,0.53,0.00
ATCG00900.1,Arabidopsis,Plastid,11,40,7.17E+09,1.55E+09,5.85E+09,4.61E+09,4.34E+08,3.36E+08,5.84E+09,1.33E+09,5.01E+09,4.06E+09,8.16E+07,0.00E+00,8.72E+09,1.05E+10,7.70E+08,7.18E+09,9.07E+09,8.16E+07,0.83,0.07,0.79,0.01
ATCG01010.2 NDHF,Arabidopsis,Plastid,14,32,1.59E+09,1.49E+09,1.12E+09,1.60E+09,1.84E+08,4.74E+08,1.37E+09,1.20E+09,5.48E+08,4.79E+08,0.00E+00,0.00E+00,3.08E+09,2.72E+09,6.59E+08,2.57E+09,1.03E+09,0.00E+00,1.13,0.24,2.50,0.00
ATCG01020.1,Arabidopsis,Plastid,2,8,8.10E+08,1.58E+08,3.88E+08,2.04E+08,1.44E+08,5.62E+07,8.10E+08,1.58E+08,0.00E+00,7.11E+07,1.44E+08,0.00E+00,9.69E+08,5.92E+08,2.00E+08,9.69E+08,7.11E+07,1.44E+08,1.64,0.34,13.62,2.02
ATCG01050.2,Arabidopsis,Plastid,3,5,1.66E+08,5.89E+07,2.55E+08,2.03E+08,1.00E+07,0.00E+00,1.26E+08,0.00E+00,1.32E+08,1.70E+08,0.00E+00,0.00E+00,2.25E+08,4.59E+08,1.00E+07,1.26E+08,3.02E+08,0.00E+00,0.49,0.02,0.42,0.00
ATCG01060.1,Arabidopsis,Plastid,9,74,5.78E+10,7.08E+10,3.18E+10,2.32E+10,6.08E+09,3.80E+09,5.74E+10,7.07E+10,1.83E+10,1.25E+10,6.08E+09,3.80E+09,1.29E+11,5.50E+10,9.88E+09,1.28E+11,3.08E+10,9.88E+09,2.34,0.18,4.16,0.32
ATCG01070.1,Arabidopsis,Plastid,1,3,3.51E+08,5.87E+08,2.30E+08,2.04E+08,5.34E+07,3.94E+07,3.51E+08,5.87E+08,2.30E+08,0.00E+00,0.00E+00,0.00E+00,9.38E+08,4.34E+08,9.28E+07,9.38E+08,2.30E+08,0.00E+00,2.16,0.21,4.08,0.00
ATCG01090.1,Arabidopsis,Plastid,8,25,1.74E+09,2.28E+09,1.43E+09,1.67E+09,1.61E+08,2.12E+08,1.72E+09,1.58E+09,7.80E+08,4.83E+08,0.00E+00,1.12E+08,4.01E+09,3.10E+09,3.73E+08,3.30E+09,1.26E+09,1.12E+08,1.29,0.12,2.61,0.09
ATCG01100.1,Arabidopsis,Plastid,4,8,4.78E+08,3.84E+08,3.46E+08,4.46E+08,4.48E+07,0.00E+00,4.78E+08,3.84E+08,1.45E+08,4.79E+07,0.00E+00,0.00E+00,8.63E+08,7.92E+08,4.48E+07,8.63E+08,1.93E+08,0.00E+00,1.09,0.06,4.47,0.00
ATCG01110.1,Arabidopsis,Plastid,18,67,4.17E+09,4.12E+09,3.11E+09,3.72E+09,2.12E+08,5.20E+08,4.17E+09,4.09E+09,1.75E+09,2.56E+09,0.00E+00,0.00E+00,8.29E+09,6.83E+09,7.32E+08,8.26E+09,4.31E+09,0.00E+00,1.21,0.11,1.92,0.00
ATCG01120.1,Arabidopsis,Plastid,7,24,3.33E+09,7.56E+08,1.77E+09,1.37E+09,3.39E+08,1.85E+08,3.33E+09,5.91E+08,1.73E+09,1.13E+09,2.71E+08,5.88E+07,4.08E+09,3.14E+09,5.24E+08,3.92E+09,2.86E+09,3.29E+08,1.30,0.17,1.37,0.12
ATCG01130.1,Arabidopsis,Plastid,29,52,1.86E+09,9.88E+08,5.17E+08,5.84E+08,3.48E+08,4.39E+08,1.62E+09,8.06E+08,8.41E+07,1.62E+08,0.00E+00,7.20E+07,2.85E+09,1.10E+09,7.87E+08,2.43E+09,2.46E+08,7.20E+07,2.58,0.71,9.86,0.29
ATMG00060.2  NAD5C,Arabidopsis,Mito,7,17,7.03E+06,1.20E+07,2.73E+08,4.78E+08,2.57E+09,2.84E+09,0.00E+00,0.00E+00,9.32E+07,4.78E+08,2.55E+09,2.22E+09,1.90E+07,7.51E+08,5.41E+09,0.00E+00,5.72E+08,4.77E+09,0.03,7.20,0.00,8.35
ATMG00070.2 sp,Arabidopsis,Mito,20,64,2.68E+07,9.82E+07,1.52E+09,2.33E+09,2.73E+10,3.14E+10,0.00E+00,0.00E+00,7.73E+08,1.56E+09,2.47E+10,3.10E+10,1.25E+08,3.85E+09,5.86E+10,0.00E+00,2.33E+09,5.58E+10,0.03,15.23,0.00,23.91
ATMG00080.2,Arabidopsis,Mito,2,3,0.00E+00,0.00E+00,6.97E+06,0.00E+00,3.40E+08,3.99E+08,0.00E+00,0.00E+00,0.00E+00,0.00E+00,3.40E+08,3.99E+08,0.00E+00,6.97E+06,7.39E+08,0.00E+00,0.00E+00,7.39E+08,0.00,105.96,#DIV/0!,#DIV/0!
ATMG00090.2,Arabidopsis,Mito,9,13,3.43E+06,3.44E+07,2.85E+07,0.00E+00,8.04E+08,8.23E+08,0.00E+00,0.00E+00,0.00E+00,0.00E+00,4.32E+08,7.12E+08,3.78E+07,2.85E+07,1.63E+09,0.00E+00,0.00E+00,1.14E+09,1.33,57.18,#DIV/0!,#DIV/0!
ATMG00160.2 sp,Arabidopsis,Mito,10,36,3.34E+07,3.71E+07,1.49E+09,2.08E+09,2.01E+10,2.22E+10,2.41E+07,3.71E+07,1.45E+09,2.08E+09,2.01E+10,2.20E+10,7.05E+07,3.57E+09,4.23E+10,6.13E+07,3.54E+09,4.21E+10,0.02,11.84,0.02,11.91
ATMG00210.2,Arabidopsis,Mito,3,4,0.00E+00,1.99E+07,5.13E+07,3.88E+07,6.22E+08,5.30E+08,0.00E+00,0.00E+00,0.00E+00,0.00E+00,5.76E+08,3.03E+07,1.99E+07,9.01E+07,1.15E+09,0.00E+00,0.00E+00,6.07E+08,0.22,12.78,#DIV/0!,#DIV/0!
ATMG00220.2 tr,Arabidopsis,Mito,3,12,5.84E+07,1.34E+07,5.54E+08,5.78E+08,4.83E+09,5.22E+09,0.00E+00,0.00E+00,5.54E+08,5.78E+08,4.83E+09,5.22E+09,7.18E+07,1.13E+09,1.01E+10,0.00E+00,1.13E+09,1.01E+10,0.06,8.89,0.00,8.89
ATMG00270.2 tr,Arabidopsis,Mito,3,4,0.00E+00,5.70E+06,2.56E+08,2.77E+08,2.82E+09,3.65E+09,0.00E+00,0.00E+00,0.00E+00,0.00E+00,2.82E+09,2.30E+09,5.70E+06,5.34E+08,6.47E+09,0.00E+00,0.00E+00,5.12E+09,0.01,12.13,#DIV/0!,#DIV/0!
ATMG00285.2 sp,Arabidopsis,Mito,5,13,0.00E+00,5.78E+06,4.52E+08,5.23E+08,3.14E+09,3.39E+09,0.00E+00,0.00E+00,2.80E+08,4.27E+08,3.14E+09,1.91E+09,5.78E+06,9.75E+08,6.53E+09,0.00E+00,7.06E+08,5.05E+09,0.01,6.70,0.00,7.15
ATMG00290.2 tr,Arabidopsis,Mito,9,18,0.00E+00,0.00E+00,1.17E+08,6.20E+07,2.49E+09,3.46E+09,0.00E+00,0.00E+00,0.00E+00,0.00E+00,2.49E+09,3.02E+09,0.00E+00,1.79E+08,5.95E+09,0.00E+00,0.00E+00,5.51E+09,0.00,33.25,#DIV/0!,#DIV/0!
ATMG00410.2 sp,Arabidopsis,Mito,1,1,0.00E+00,0.00E+00,0.00E+00,3.22E+07,0.00E+00,3.67E+07,0.00E+00,0.00E+00,0.00E+00,0.00E+00,0.00E+00,3.67E+07,0.00E+00,3.22E+07,3.67E+07,0.00E+00,0.00E+00,3.67E+07,0.00,1.14,#DIV/0!,#DIV/0!
ATMG00480.1,Arabidopsis,Mito,14,61,6.83E+07,5.83E+07,1.85E+09,2.20E+09,3.82E+10,3.72E+10,0.00E+00,1.11E+07,1.35E+09,1.47E+09,3.41E+10,3.71E+10,1.27E+08,4.04E+09,7.54E+10,1.11E+07,2.82E+09,7.12E+10,0.03,18.66,0.00,25.21
ATMG00510.2 tr,Arabidopsis,Mito,35,132,1.29E+08,2.06E+08,2.05E+09,3.16E+09,4.39E+10,4.83E+10,1.12E+07,1.47E+07,1.39E+09,1.79E+09,3.97E+10,4.75E+10,3.34E+08,5.21E+09,9.22E+10,2.59E+07,3.18E+09,8.71E+10,0.06,17.69,0.01,27.37
ATMG00516.2,Arabidopsis,Mito,5,9,0.00E+00,0.00E+00,3.53E+08,4.63E+08,7.00E+08,9.80E+08,0.00E+00,0.00E+00,1.46E+08,4.63E+08,2.59E+08,9.50E+08,0.00E+00,8.16E+08,1.68E+09,0.00E+00,6.09E+08,1.21E+09,0.00,2.06,0.00,1.99
ATMG00560.2 tr,Arabidopsis,Mito,5,6,0.00E+00,0.00E+00,0.00E+00,0.00E+00,5.93E+08,5.23E+08,0.00E+00,0.00E+00,0.00E+00,0.00E+00,4.99E+08,2.88E+08,0.00E+00,0.00E+00,1.12E+09,0.00E+00,0.00E+00,7.87E+08,#DIV/0!,#DIV/0!,#DIV/0!,#DIV/0!
ATMG00580.2 tr,Arabidopsis,Mito,5,13,3.23E+07,1.25E+07,3.86E+08,5.78E+08,1.54E+09,2.25E+09,0.00E+00,0.00E+00,3.22E+08,4.59E+08,1.46E+09,2.21E+09,4.49E+07,9.63E+08,3.80E+09,0.00E+00,7.82E+08,3.67E+09,0.05,3.94,0.00,4.69
ATMG00640.2 sp,Arabidopsis,Mito,15,40,4.84E+07,1.21E+07,3.33E+09,3.42E+09,1.90E+10,1.44E+10,2.66E+06,1.21E+07,5.60E+08,2.76E+09,1.68E+10,1.43E+10,6.05E+07,6.75E+09,3.33E+10,1.48E+07,3.32E+09,3.11E+10,0.01,4.93,0.00,9.39
ATMG00730.2 sp,Arabidopsis,Mito,2,3,0.00E+00,0.00E+00,8.59E+07,3.18E+08,1.46E+08,1.64E+08,0.00E+00,0.00E+00,2.25E+07,3.12E+07,1.46E+08,0.00E+00,0.00E+00,4.04E+08,3.10E+08,0.00E+00,5.36E+07,1.46E+08,0.00,0.77,0.00,2.73
ATMG00830.2 tr,Arabidopsis,Mito,2,2,0.00E+00,0.00E+00,1.37E+07,7.16E+06,1.69E+08,1.71E+08,0.00E+00,0.00E+00,0.00E+00,0.00E+00,0.00E+00,1.71E+08,0.00E+00,2.08E+07,3.40E+08,0.00E+00,0.00E+00,1.71E+08,0.00,16.33,#DIV/0!,#DIV/0!
ATMG00990.2 sp,Arabidopsis,Mito,1,2,0.00E+00,0.00E+00,0.00E+00,0.00E+00,3.90E+08,5.68E+08,0.00E+00,0.00E+00,0.00E+00,0.00E+00,3.90E+08,5.68E+08,0.00E+00,0.00E+00,9.58E+08,0.00E+00,0.00E+00,9.58E+08,#DIV/0!,#DIV/0!,#DIV/0!,#DIV/0!
ATMG01080.2 sp,Arabidopsis,Mito,1,44,3.47E+08,2.94E+06,0.00E+00,2.12E+08,3.68E+08,4.43E+09,3.47E+08,0.00E+00,0.00E+00,2.12E+08,3.68E+08,4.43E+09,3.50E+08,2.12E+08,4.80E+09,3.47E+08,2.12E+08,4.80E+09,1.65,22.60,1.64,22.60
ATMG01190.2 sp,Arabidopsis,Mito,69,485,2.21E+09,2.13E+09,3.23E+10,4.71E+10,6.13E+11,6.74E+11,1.22E+09,1.21E+09,2.91E+10,3.98E+10,6.13E+11,6.55E+11,4.33E+09,7.94E+10,1.29E+12,2.43E+09,6.89E+10,1.27E+12,0.05,16.21,0.04,18.41
ATMG01270.2 tr,Arabidopsis,Mito,3,5,3.89E+07,1.85E+07,4.36E+07,1.95E+07,3.82E+08,3.60E+08,0.00E+00,0.00E+00,0.00E+00,0.00E+00,3.82E+08,3.35E+08,5.74E+07,6.31E+07,7.42E+08,0.00E+00,0.00E+00,7.16E+08,0.91,11.76,#DIV/0!,#DIV/0!
mito_atp1,Silene,Mito,61,794,9.14E+09,7.24E+09,6.11E+10,1.18E+11,1.24E+12,1.20E+12,7.31E+09,5.32E+09,4.87E+10,1.17E+11,1.24E+12,1.19E+12,1.64E+10,1.79E+11,2.45E+12,1.26E+10,1.66E+11,2.43E+12,0.09,13.68,0.08,14.65
mito_atp4,Silene,Mito,14,94,6.62E+08,5.19E+08,3.87E+09,8.55E+09,5.91E+10,8.39E+10,4.81E+08,2.14E+08,3.20E+09,8.48E+09,3.69E+10,8.39E+10,1.18E+09,1.24E+10,1.43E+11,6.95E+08,1.17E+10,1.21E+11,0.10,11.51,0.06,10.34
mito_atp6,Silene,Mito,3,13,6.86E+08,2.08E+07,1.56E+08,3.74E+08,1.15E+08,2.58E+08,6.80E+08,0.00E+00,1.12E+08,1.62E+08,1.15E+08,1.27E+08,7.06E+08,5.30E+08,3.73E+08,6.80E+08,2.74E+08,2.42E+08,1.33,0.70,2.48,0.88
mito_atp8,Silene,Mito,17,61,2.26E+08,6.94E+08,2.79E+09,5.56E+09,5.28E+10,5.07E+10,8.37E+07,0.00E+00,2.65E+09,4.58E+09,5.20E+10,4.03E+10,9.20E+08,8.35E+09,1.03E+11,8.37E+07,7.22E+09,9.22E+10,0.11,12.39,0.01,12.77
mito_atp9,Silene,Mito,2,116,5.00E+09,5.01E+08,1.28E+09,4.39E+07,1.92E+10,1.84E+10,5.00E+09,5.01E+08,1.28E+09,4.39E+07,1.92E+10,1.84E+10,5.50E+09,1.32E+09,3.76E+10,5.50E+09,1.32E+09,3.76E+10,4.16,28.47,4.16,28.47
mito_ccmFn,Silene,Mito,5,6,0.00E+00,0.00E+00,8.02E+07,1.18E+07,4.86E+08,4.54E+08,0.00E+00,0.00E+00,0.00E+00,0.00E+00,3.77E+08,1.96E+08,0.00E+00,9.21E+07,9.41E+08,0.00E+00,0.00E+00,5.73E+08,0.00,10.22,#DIV/0!,#DIV/0!
mito_cob,Silene,Mito,2,10,0.00E+00,0.00E+00,6.01E+08,1.02E+09,9.00E+09,8.97E+09,0.00E+00,0.00E+00,6.01E+08,1.02E+09,9.00E+09,8.97E+09,0.00E+00,1.62E+09,1.80E+10,0.00E+00,1.62E+09,1.80E+10,0.00,11.11,0.00,11.11
mito_cox1,Silene,Mito,2,4,1.53E+07,3.08E+07,1.39E+08,2.04E+08,5.53E+08,8.05E+08,0.00E+00,0.00E+00,1.39E+08,0.00E+00,0.00E+00,8.05E+08,4.62E+07,3.43E+08,1.36E+09,0.00E+00,1.39E+08,8.05E+08,0.13,3.96,0.00,5.79
mito_cox2,Silene,Mito,10,32,3.61E+08,2.33E+08,3.81E+09,6.69E+09,4.30E+10,5.60E+10,9.97E+07,1.15E+08,3.81E+09,3.71E+09,4.30E+10,5.04E+10,5.93E+08,1.05E+10,9.90E+10,2.15E+08,7.52E+09,9.33E+10,0.06,9.43,0.03,12.42
mito_cox3,Silene,Mito,2,9,0.00E+00,0.00E+00,1.77E+08,5.48E+08,8.07E+08,1.94E+09,0.00E+00,0.00E+00,0.00E+00,5.48E+08,8.07E+08,1.94E+09,0.00E+00,7.25E+08,2.74E+09,0.00E+00,5.48E+08,2.74E+09,0.00,3.79,0.00,5.01
mito_nad1,Silene,Mito,4,6,0.00E+00,0.00E+00,3.12E+08,5.60E+08,2.83E+09,1.68E+09,0.00E+00,0.00E+00,1.10E+08,0.00E+00,2.83E+09,1.55E+09,0.00E+00,8.72E+08,4.52E+09,0.00E+00,1.10E+08,4.38E+09,0.00,5.18,0.00,39.63
mito_nad2,Silene,Mito,7,15,0.00E+00,0.00E+00,5.67E+08,1.13E+09,5.22E+09,5.02E+09,0.00E+00,0.00E+00,5.00E+08,5.62E+08,2.51E+09,5.01E+09,0.00E+00,1.70E+09,1.02E+10,0.00E+00,1.06E+09,7.52E+09,0.00,6.03,0.00,7.08
mito_nad3,Silene,Mito,1,2,0.00E+00,0.00E+00,0.00E+00,0.00E+00,1.96E+09,1.82E+09,0.00E+00,0.00E+00,0.00E+00,0.00E+00,1.96E+09,1.82E+09,0.00E+00,0.00E+00,3.77E+09,0.00E+00,0.00E+00,3.77E+09,#DIV/0!,#DIV/0!,#DIV/0!,#DIV/0!
mito_nad4,Silene,Mito,2,7,2.08E+07,0.00E+00,2.35E+08,4.95E+08,5.60E+08,3.68E+08,0.00E+00,0.00E+00,2.16E+08,4.49E+08,5.60E+08,3.35E+08,2.08E+07,7.30E+08,9.29E+08,0.00E+00,6.64E+08,8.96E+08,0.03,1.27,0.00,1.35
mito_nad5,Silene,Mito,11,29,1.65E+08,8.89E+06,7.24E+08,1.13E+09,1.19E+10,1.48E+10,0.00E+00,0.00E+00,5.26E+08,4.96E+08,9.94E+09,9.66E+09,1.74E+08,1.85E+09,2.67E+10,0.00E+00,1.02E+09,1.96E+10,0.09,14.42,0.00,19.16
mito_nad6,Silene,Mito,1,1,0.00E+00,5.34E+07,0.00E+00,0.00E+00,9.45E+08,1.01E+09,0.00E+00,0.00E+00,0.00E+00,0.00E+00,0.00E+00,1.01E+09,5.34E+07,0.00E+00,1.96E+09,0.00E+00,0.00E+00,1.01E+09,#DIV/0!,#DIV/0!,#DIV/0!,#DIV/0!
mito_nad7,Silene,Mito,26,77,2.59E+08,2.09E+08,2.87E+09,6.12E+09,6.66E+10,6.66E+10,0.00E+00,0.00E+00,2.08E+09,2.23E+09,6.51E+10,5.92E+10,4.69E+08,8.99E+09,1.33E+11,0.00E+00,4.30E+09,1.24E+11,0.05,14.82,0.00,28.89
mito_nad9,Silene,Mito,24,79,2.41E+08,1.47E+09,3.03E+09,3.64E+09,8.12E+10,6.44E+10,0.00E+00,0.00E+00,1.43E+09,2.25E+09,8.12E+10,6.39E+10,1.71E+09,6.68E+09,1.46E+11,0.00E+00,3.68E+09,1.45E+11,0.26,21.82,0.00,39.48
mito_rpl5,Silene,Mito,4,7,1.17E+07,5.90E+05,1.72E+07,5.89E+07,1.21E+09,1.09E+09,0.00E+00,0.00E+00,0.00E+00,0.00E+00,1.21E+09,9.97E+08,1.22E+07,7.61E+07,2.30E+09,0.00E+00,0.00E+00,2.21E+09,0.16,30.26,#DIV/0!,#DIV/0!
mito_rps13-1,Silene,Mito,2,4,0.00E+00,0.00E+00,0.00E+00,1.26E+07,6.20E+08,6.56E+08,0.00E+00,0.00E+00,0.00E+00,0.00E+00,6.20E+08,6.56E+08,0.00E+00,1.26E+07,1.28E+09,0.00E+00,0.00E+00,1.28E+09,0.00,101.00,#DIV/0!,#DIV/0!
mito_rps3,Silene,Mito,24,37,2.15E+08,3.13E+08,2.66E+08,3.35E+08,6.18E+09,4.66E+09,0.00E+00,0.00E+00,0.00E+00,0.00E+00,5.49E+09,3.48E+09,5.28E+08,6.00E+08,1.08E+10,0.00E+00,0.00E+00,8.97E+09,0.88,18.06,#DIV/0!,#DIV/0!
plastid_accD,Silene,Plastid,7,14,5.82E+08,5.89E+08,3.76E+08,4.29E+08,1.48E+08,1.64E+08,2.37E+08,5.64E+08,3.22E+08,8.16E+07,3.87E+07,1.08E+08,1.17E+09,8.05E+08,3.12E+08,8.01E+08,4.04E+08,1.47E+08,1.46,0.39,1.98,0.36
plastid_atpA,Silene,Plastid,32,497,8.56E+11,9.36E+11,4.38E+11,3.99E+11,1.34E+10,2.50E+10,8.06E+11,8.11E+11,4.18E+11,3.98E+11,1.08E+10,2.18E+10,1.79E+12,8.37E+11,3.84E+10,1.62E+12,8.16E+11,3.26E+10,2.14,0.05,1.98,0.04
plastid_atpB,Silene,Plastid,44,706,1.36E+12,1.22E+12,6.35E+11,5.79E+11,1.65E+10,2.83E+10,1.35E+12,1.20E+12,6.21E+11,5.65E+11,1.25E+10,2.28E+10,2.58E+12,1.21E+12,4.49E+10,2.55E+12,1.19E+12,3.53E+10,2.12,0.04,2.15,0.03
plastid_atpE,Silene,Plastid,10,48,7.97E+10,5.95E+10,3.55E+10,3.23E+10,4.38E+08,8.19E+08,7.91E+10,5.95E+10,3.54E+10,3.19E+10,0.00E+00,7.02E+08,1.39E+11,6.78E+10,1.26E+09,1.39E+11,6.73E+10,7.02E+08,2.05,0.02,2.06,0.01
plastid_atpF,Silene,Plastid,19,131,1.79E+11,1.87E+11,8.03E+10,8.93E+10,2.59E+09,6.70E+09,1.74E+11,1.87E+11,6.16E+10,6.32E+10,1.80E+09,4.30E+09,3.66E+11,1.70E+11,9.29E+09,3.61E+11,1.25E+11,6.10E+09,2.16,0.05,2.90,0.05
plastid_atpH,Silene,Plastid,4,32,1.88E+08,1.13E+08,9.33E+07,5.01E+06,0.00E+00,0.00E+00,1.88E+08,1.13E+08,6.44E+07,3.61E+06,0.00E+00,0.00E+00,3.01E+08,9.83E+07,0.00E+00,3.01E+08,6.80E+07,0.00E+00,3.06,0.00,4.43,0.00
plastid_atpI,Silene,Plastid,4,13,7.84E+09,2.25E+09,8.21E+09,1.10E+10,9.62E+07,1.11E+08,7.65E+09,1.96E+09,7.67E+09,1.10E+10,9.62E+07,1.99E+07,1.01E+10,1.92E+10,2.07E+08,9.61E+09,1.87E+10,1.16E+08,0.52,0.01,0.51,0.01
plastid_clpP,Silene,Plastid,12,78,1.06E+10,1.35E+10,8.26E+09,6.50E+09,1.37E+09,1.57E+09,1.06E+10,1.30E+10,7.01E+09,6.21E+09,1.29E+09,1.07E+09,2.41E+10,1.48E+10,2.94E+09,2.37E+10,1.32E+10,2.36E+09,1.64,0.20,1.79,0.18
plastid_ndhA,Silene,Plastid,7,16,4.42E+09,1.66E+09,2.81E+09,3.47E+09,4.79E+07,5.22E+07,3.67E+09,1.18E+09,2.65E+09,3.25E+09,0.00E+00,0.00E+00,6.08E+09,6.28E+09,1.00E+08,4.85E+09,5.90E+09,0.00E+00,0.97,0.02,0.82,0.00
plastid_ndhB,Silene,Plastid,1,4,9.02E+08,7.47E+08,2.34E+08,9.74E+07,6.13E+07,1.12E+07,9.02E+08,7.47E+08,2.34E+08,0.00E+00,0.00E+00,0.00E+00,1.65E+09,3.31E+08,7.25E+07,1.65E+09,2.34E+08,0.00E+00,4.98,0.22,7.05,0.00
plastid_ndhD,Silene,Plastid,1,3,0.00E+00,0.00E+00,4.73E+08,3.23E+08,0.00E+00,0.00E+00,0.00E+00,0.00E+00,4.73E+08,3.23E+08,0.00E+00,0.00E+00,0.00E+00,7.96E+08,0.00E+00,0.00E+00,7.96E+08,0.00E+00,0.00,0.00,0.00,0.00
plastid_ndhE,Silene,Plastid,1,3,1.76E+09,4.94E+09,6.19E+08,1.76E+09,0.00E+00,0.00E+00,0.00E+00,4.94E+09,6.19E+08,1.76E+09,0.00E+00,0.00E+00,6.71E+09,2.38E+09,0.00E+00,4.94E+09,2.38E+09,0.00E+00,2.82,0.00,2.08,0.00
plastid_ndhF,Silene,Plastid,11,31,4.67E+09,3.90E+09,2.96E+09,3.13E+09,3.10E+08,2.45E+08,4.64E+09,2.42E+09,1.89E+09,1.91E+09,0.00E+00,0.00E+00,8.57E+09,6.09E+09,5.54E+08,7.06E+09,3.81E+09,0.00E+00,1.41,0.09,1.85,0.00
plastid_ndhH,Silene,Plastid,18,64,1.11E+10,8.72E+09,6.68E+09,5.04E+09,1.21E+08,5.01E+08,9.76E+09,8.58E+09,6.66E+09,4.54E+09,0.00E+00,2.70E+08,1.98E+10,1.17E+10,6.23E+08,1.83E+10,1.12E+10,2.70E+08,1.69,0.05,1.64,0.02
plastid_ndhI,Silene,Plastid,8,26,6.27E+09,3.66E+09,3.10E+09,2.68E+09,1.16E+08,2.17E+08,5.90E+09,3.60E+09,2.48E+09,1.91E+09,8.12E+07,1.38E+08,9.94E+09,5.79E+09,3.34E+08,9.50E+09,4.40E+09,2.19E+08,1.72,0.06,2.16,0.05
plastid_ndhJ,Silene,Plastid,9,21,2.21E+09,1.18E+09,2.20E+09,1.33E+09,8.03E+07,7.57E+07,1.97E+09,9.99E+08,1.90E+09,9.35E+08,0.00E+00,5.02E+07,3.39E+09,3.53E+09,1.56E+08,2.97E+09,2.83E+09,5.02E+07,0.96,0.04,1.05,0.02
plastid_ndhK,Silene,Plastid,11,37,7.91E+09,5.54E+09,3.43E+09,3.48E+09,2.08E+08,9.27E+08,7.20E+09,4.78E+09,2.92E+09,3.13E+09,0.00E+00,0.00E+00,1.35E+10,6.92E+09,1.13E+09,1.20E+10,6.05E+09,0.00E+00,1.94,0.16,1.98,0.00
plastid_petA,Silene,Plastid,23,163,3.06E+11,2.60E+11,1.45E+11,1.19E+11,4.43E+09,8.09E+09,3.05E+11,2.43E+11,1.44E+11,1.07E+11,2.24E+09,6.08E+09,5.66E+11,2.64E+11,1.25E+10,5.47E+11,2.52E+11,8.33E+09,2.14,0.05,2.17,0.03
plastid_petB,Silene,Plastid,6,41,4.57E+10,2.85E+10,3.93E+10,2.84E+10,1.67E+09,2.37E+09,4.56E+10,2.84E+10,3.93E+10,2.07E+10,1.67E+09,2.37E+09,7.42E+10,6.77E+10,4.04E+09,7.40E+10,5.99E+10,4.04E+09,1.10,0.06,1.23,0.07
plastid_petD,Silene,Plastid,3,40,5.88E+10,4.17E+10,3.76E+10,3.06E+10,1.61E+08,3.25E+08,5.88E+10,4.17E+10,3.76E+10,3.06E+10,0.00E+00,2.43E+08,1.01E+11,6.82E+10,4.86E+08,1.00E+11,6.82E+10,2.43E+08,1.47,0.01,1.47,0.00
plastid_psaA,Silene,Plastid,25,167,7.53E+11,5.49E+11,1.97E+11,2.99E+11,5.77E+09,9.08E+09,6.79E+11,5.40E+11,1.78E+11,2.26E+11,4.92E+09,6.50E+09,1.30E+12,4.96E+11,1.48E+10,1.22E+12,4.04E+11,1.14E+10,2.62,0.03,3.02,0.03
plastid_psaB,Silene,Plastid,19,479,5.19E+11,3.32E+11,1.67E+11,2.47E+11,4.45E+09,6.97E+09,5.18E+11,3.32E+11,1.66E+11,2.47E+11,3.08E+09,6.54E+09,8.50E+11,4.14E+11,1.14E+10,8.50E+11,4.13E+11,9.62E+09,2.06,0.03,2.06,0.02
plastid_psaC,Silene,Plastid,9,63,1.62E+11,1.07E+11,2.79E+10,4.24E+10,1.60E+09,2.86E+09,1.62E+11,3.57E+10,2.79E+10,4.23E+10,1.08E+09,7.19E+08,2.69E+11,7.03E+10,4.46E+09,1.97E+11,7.02E+10,1.80E+09,3.82,0.06,2.81,0.03
plastid_psbA,Silene,Plastid,12,220,4.11E+11,3.36E+11,2.02E+11,1.76E+11,4.38E+09,7.89E+09,4.11E+11,3.36E+11,1.79E+11,1.71E+11,3.58E+09,7.75E+09,7.48E+11,3.78E+11,1.23E+10,7.48E+11,3.49E+11,1.13E+10,1.98,0.03,2.14,0.03
plastid_psbB,Silene,Plastid,32,494,8.39E+11,6.38E+11,3.10E+11,2.80E+11,8.25E+09,1.86E+10,8.24E+11,6.37E+11,2.69E+11,2.60E+11,6.96E+09,1.70E+10,1.48E+12,5.90E+11,2.68E+10,1.46E+12,5.28E+11,2.40E+10,2.50,0.05,2.77,0.05
plastid_psbC,Silene,Plastid,26,308,7.49E+11,6.31E+11,3.95E+11,3.56E+11,8.80E+09,1.31E+10,7.49E+11,6.31E+11,3.95E+11,3.56E+11,5.82E+09,1.00E+10,1.38E+12,7.50E+11,2.19E+10,1.38E+12,7.50E+11,1.58E+10,1.84,0.03,1.84,0.02
plastid_psbD,Silene,Plastid,14,144,3.90E+11,3.40E+11,2.33E+11,2.22E+11,5.35E+09,9.69E+09,3.90E+11,3.40E+11,2.15E+11,2.22E+11,4.07E+09,4.61E+09,7.30E+11,4.55E+11,1.50E+10,7.30E+11,4.36E+11,8.69E+09,1.60,0.03,1.67,0.02
plastid_psbE,Silene,Plastid,4,62,2.12E+11,2.17E+11,8.00E+10,6.35E+10,1.93E+09,5.54E+09,2.12E+11,2.17E+11,8.00E+10,6.35E+10,1.75E+09,4.44E+09,4.29E+11,1.44E+11,7.47E+09,4.29E+11,1.43E+11,6.18E+09,2.99,0.05,2.99,0.04
plastid_psbF,Silene,Plastid,2,10,1.02E+10,7.70E+09,1.29E+10,6.03E+09,1.13E+09,2.65E+09,1.00E+10,0.00E+00,1.29E+10,6.03E+09,1.13E+09,2.65E+09,1.79E+10,1.89E+10,3.78E+09,1.00E+10,1.89E+10,3.78E+09,0.95,0.20,0.53,0.20
plastid_psbH,Silene,Plastid,3,29,4.25E+10,5.47E+10,2.18E+10,6.46E+09,1.08E+09,2.39E+09,4.25E+10,5.47E+10,2.18E+10,0.00E+00,9.40E+08,2.22E+09,9.73E+10,2.83E+10,3.47E+09,9.73E+10,2.18E+10,3.16E+09,3.44,0.12,4.46,0.15
plastid_psbJ,Silene,Plastid,1,2,1.00E+09,3.20E+08,1.15E+07,0.00E+00,0.00E+00,0.00E+00,1.00E+09,3.20E+08,0.00E+00,0.00E+00,0.00E+00,0.00E+00,1.32E+09,1.15E+07,0.00E+00,1.32E+09,0.00E+00,0.00E+00,114.59,0.00,#DIV/0!,#DIV/0!
plastid_psbL,Silene,Plastid,2,8,3.91E+08,5.03E+08,9.40E+07,7.69E+07,0.00E+00,7.76E+06,3.91E+08,5.03E+08,9.40E+07,7.69E+07,0.00E+00,0.00E+00,8.94E+08,1.71E+08,7.76E+06,8.94E+08,1.71E+08,0.00E+00,5.23,0.05,5.23,0.00
plastid_rbcL,Silene,Plastid,67,1782,2.30E+12,3.51E+12,3.42E+12,2.00E+12,5.41E+11,5.10E+11,2.30E+12,3.45E+12,3.39E+12,1.93E+12,4.80E+11,5.05E+11,5.81E+12,5.43E+12,1.05E+12,5.75E+12,5.31E+12,9.85E+11,1.07,0.19,1.08,0.19
plastid_rpl14,Silene,Plastid,11,44,5.58E+09,7.80E+09,8.27E+09,3.62E+09,2.57E+09,3.82E+09,5.58E+09,7.71E+09,6.27E+09,2.72E+09,1.90E+08,2.51E+09,1.34E+10,1.19E+10,6.39E+09,1.33E+10,8.99E+09,2.70E+09,1.13,0.54,1.48,0.30
plastid_rpl16,Silene,Plastid,6,29,4.04E+09,8.03E+09,4.91E+09,1.17E+09,6.12E+08,7.74E+08,3.94E+09,8.03E+09,4.91E+09,5.58E+08,5.18E+08,1.50E+08,1.21E+10,6.08E+09,1.39E+09,1.20E+10,5.46E+09,6.68E+08,1.99,0.23,2.19,0.12
plastid_rpl2,Silene,Plastid,14,56,9.60E+09,1.67E+10,1.13E+10,4.06E+09,6.30E+08,1.96E+09,6.99E+09,1.31E+10,7.34E+09,2.58E+09,2.83E+07,4.99E+08,2.63E+10,1.54E+10,2.59E+09,2.01E+10,9.92E+09,5.27E+08,1.71,0.17,2.03,0.05
plastid_rpl20,Silene,Plastid,5,21,5.82E+09,6.97E+09,8.09E+09,2.71E+09,3.65E+08,2.99E+08,5.82E+09,6.97E+09,8.09E+09,1.63E+09,0.00E+00,3.82E+07,1.28E+10,1.08E+10,6.65E+08,1.28E+10,9.72E+09,3.82E+07,1.19,0.06,1.32,0.00
plastid_rpl22,Silene,Plastid,13,43,5.00E+09,6.95E+09,5.50E+09,2.48E+09,4.75E+08,5.27E+08,4.01E+09,6.77E+09,5.43E+09,1.61E+09,1.53E+08,1.27E+08,1.19E+10,7.98E+09,1.00E+09,1.08E+10,7.04E+09,2.79E+08,1.50,0.13,1.53,0.04
plastid_rpl32,Silene,Plastid,3,10,1.35E+09,2.45E+09,2.65E+09,4.65E+08,1.01E+08,6.43E+07,1.05E+08,2.39E+09,2.65E+09,2.58E+08,1.01E+08,5.54E+07,3.81E+09,3.11E+09,1.65E+08,2.50E+09,2.90E+09,1.56E+08,1.22,0.05,0.86,0.05
plastid_rpl33,Silene,Plastid,3,7,1.76E+08,3.47E+08,6.92E+07,2.18E+08,2.14E+08,3.03E+08,1.76E+08,3.47E+08,4.71E+07,0.00E+00,3.68E+07,3.03E+08,5.23E+08,2.88E+08,5.17E+08,5.23E+08,4.71E+07,3.40E+08,1.82,1.80,11.11,7.21
plastid_rpl36,Silene,Plastid,1,1,0.00E+00,2.94E+07,7.23E+07,0.00E+00,1.04E+08,0.00E+00,0.00E+00,2.94E+07,0.00E+00,0.00E+00,0.00E+00,0.00E+00,2.94E+07,7.23E+07,1.04E+08,2.94E+07,0.00E+00,0.00E+00,0.41,1.44,#DIV/0!,#DIV/0!
plastid_rpoA,Silene,Plastid,8,13,1.28E+09,9.68E+08,6.33E+08,5.10E+08,1.05E+07,1.98E+07,1.16E+09,5.36E+08,1.32E+08,1.59E+08,0.00E+00,0.00E+00,2.25E+09,1.14E+09,3.03E+07,1.69E+09,2.90E+08,0.00E+00,1.97,0.03,5.84,0.00
plastid_rpoB,Silene,Plastid,13,18,8.67E+08,1.08E+09,1.07E+08,2.26E+08,9.26E+08,1.00E+09,7.35E+08,7.92E+08,3.32E+07,0.00E+00,0.00E+00,0.00E+00,1.94E+09,3.34E+08,1.93E+09,1.53E+09,3.32E+07,0.00E+00,5.83,5.77,46.00,0.00
plastid_rpoC1,Silene,Plastid,3,4,1.54E+08,1.85E+08,5.73E+07,0.00E+00,7.84E+08,7.17E+07,4.33E+07,1.01E+08,1.94E+07,0.00E+00,0.00E+00,0.00E+00,3.40E+08,5.73E+07,8.56E+08,1.44E+08,1.94E+07,0.00E+00,5.92,14.93,7.42,0.00
plastid_rpoC2,Silene,Plastid,9,14,4.96E+08,5.93E+08,1.94E+08,1.17E+08,1.11E+07,8.44E+07,4.15E+08,3.97E+08,3.05E+07,0.00E+00,0.00E+00,0.00E+00,1.09E+09,3.11E+08,9.56E+07,8.12E+08,3.05E+07,0.00E+00,3.50,0.31,26.62,0.00
plastid_rps11,Silene,Plastid,8,20,3.03E+09,6.60E+09,3.26E+09,6.27E+08,1.14E+08,2.72E+08,1.79E+09,6.37E+09,3.24E+09,4.63E+08,0.00E+00,1.23E+08,9.63E+09,3.89E+09,3.86E+08,8.16E+09,3.70E+09,1.23E+08,2.48,0.10,2.21,0.03
plastid_rps12,Silene,Plastid,3,8,3.10E+09,3.99E+09,3.67E+09,1.18E+09,2.01E+08,4.33E+08,3.10E+09,1.95E+09,2.54E+09,7.42E+08,0.00E+00,2.74E+08,7.09E+09,4.85E+09,6.35E+08,5.05E+09,3.29E+09,2.74E+08,1.46,0.13,1.54,0.08
plastid_rps14,Silene,Plastid,4,13,9.27E+08,1.42E+09,1.82E+09,5.40E+08,1.43E+08,1.64E+08,9.13E+08,1.34E+09,1.78E+09,5.18E+08,5.24E+07,7.28E+07,2.34E+09,2.36E+09,3.07E+08,2.26E+09,2.29E+09,1.25E+08,0.99,0.13,0.98,0.05
plastid_rps15,Silene,Plastid,4,14,1.87E+09,2.45E+09,3.09E+09,1.06E+09,1.68E+08,7.65E+07,5.86E+08,2.35E+09,2.96E+09,9.07E+08,1.59E+08,6.56E+07,4.31E+09,4.16E+09,2.44E+08,2.93E+09,3.87E+09,2.25E+08,1.04,0.06,0.76,0.06
plastid_rps16,Silene,Plastid,4,15,3.30E+09,4.49E+09,4.05E+09,1.65E+09,1.89E+08,6.37E+08,3.00E+09,4.49E+09,4.05E+09,1.65E+09,1.17E+08,3.26E+08,7.79E+09,5.70E+09,8.26E+08,7.49E+09,5.70E+09,4.42E+08,1.37,0.14,1.32,0.08
plastid_rps18,Silene,Plastid,6,21,3.80E+09,4.72E+09,4.11E+09,1.24E+09,2.64E+08,1.59E+08,3.51E+09,4.72E+09,2.86E+09,1.18E+09,6.11E+07,1.57E+07,8.52E+09,5.34E+09,4.23E+08,8.23E+09,4.04E+09,7.68E+07,1.59,0.08,2.04,0.02
plastid_rps19,Silene,Plastid,8,33,7.24E+09,8.56E+09,5.51E+09,1.88E+09,6.94E+08,5.84E+08,7.13E+09,8.56E+09,5.36E+09,1.76E+09,5.33E+08,3.52E+07,1.58E+10,7.40E+09,1.28E+09,1.57E+10,7.12E+09,5.68E+08,2.14,0.17,2.20,0.08
plastid_rps2,Silene,Plastid,8,22,2.56E+09,3.36E+09,3.44E+09,1.35E+09,3.94E+08,4.23E+08,1.58E+09,3.02E+09,3.34E+09,1.10E+09,2.15E+08,1.44E+08,5.93E+09,4.80E+09,8.17E+08,4.60E+09,4.44E+09,3.59E+08,1.23,0.17,1.04,0.08
plastid_rps3,Silene,Plastid,17,60,1.08E+10,1.59E+10,1.07E+10,4.91E+09,1.04E+09,7.72E+08,1.05E+10,1.26E+10,1.07E+10,2.75E+09,6.63E+08,4.31E+08,2.67E+10,1.57E+10,1.81E+09,2.31E+10,1.35E+10,1.09E+09,1.71,0.12,1.71,0.08
plastid_rps4,Silene,Plastid,14,55,1.16E+10,1.71E+10,1.47E+10,4.46E+09,7.96E+08,1.39E+09,1.12E+10,1.46E+10,1.22E+10,2.94E+09,4.39E+08,2.31E+08,2.87E+10,1.92E+10,2.19E+09,2.58E+10,1.52E+10,6.70E+08,1.49,0.11,1.70,0.04
plastid_rps7,Silene,Plastid,10,40,7.92E+09,1.13E+10,1.35E+10,4.92E+09,4.10E+08,5.86E+08,6.89E+09,1.13E+10,1.18E+10,3.38E+09,9.55E+07,6.17E+07,1.92E+10,1.84E+10,9.96E+08,1.82E+10,1.52E+10,1.57E+08,1.04,0.05,1.20,0.01
plastid_rps8,Silene,Plastid,9,29,6.06E+09,8.35E+09,7.00E+09,1.75E+09,3.61E+08,4.10E+08,6.06E+09,8.29E+09,5.03E+09,1.34E+09,2.87E+08,1.02E+08,1.44E+10,8.74E+09,7.72E+08,1.43E+10,6.37E+09,3.89E+08,1.65,0.09,2.25,0.06
plastid_ycf1,Silene,Plastid,22,38,1.42E+09,1.22E+09,1.21E+09,1.20E+09,4.30E+08,8.78E+09,8.31E+08,9.07E+08,4.62E+08,3.04E+08,9.87E+07,8.15E+09,2.64E+09,2.41E+09,9.21E+09,1.74E+09,7.66E+08,8.25E+09,1.09,3.82,2.27,10.77
plastid_ycf2,Silene,Plastid,12,18,6.54E+08,6.53E+08,3.63E+08,2.78E+08,3.94E+07,2.51E+07,4.76E+08,2.89E+08,7.17E+07,9.60E+07,0.00E+00,0.00E+00,1.31E+09,6.41E+08,6.45E+07,7.65E+08,1.68E+08,0.00E+00,2.04,0.10,4.56,0.00
plastid_ycf3,Silene,Plastid,6,11,2.81E+09,1.48E+09,5.31E+08,3.89E+08,1.25E+08,1.26E+08,1.05E+09,9.58E+08,3.59E+08,1.19E+08,0.00E+00,3.89E+07,4.29E+09,9.20E+08,2.52E+08,2.01E+09,4.78E+08,3.89E+07,4.66,0.27,4.20,0.08
plastid_ycf4,Silene,Plastid,3,8,1.66E+09,1.04E+09,6.20E+08,2.69E+08,3.88E+07,1.45E+08,1.66E+09,1.03E+09,6.00E+08,2.00E+08,0.00E+00,0.00E+00,2.70E+09,8.88E+08,1.83E+08,2.68E+09,8.00E+08,0.00E+00,3.04,0.21,3.35,0.00